url,favorites
12ft.io,0.0
www.elconfidencial.com,0.0
www.elcomercio.es,0.0
www.elcomercio.com,0.0
www.elciudadanoweb.com,0.0
www.elcdscura.com,0.0
www.ehu.eus,0.0
www.efekto.tv,0.0
www.eetasia.com,0.0
www.eenewseurope.com,0.0
www.edicionesobelisco.com,0.0
www.ecoportal.net,0.0
www.economistjurist.es,0.0
www.ecologistasenaccion.org,0.0
www.ecoavant.com,0.0
www.ecoactivo.com,0.0
www.ecijaldia.es,0.0
www.dsalud.com,0.0
www.elconfidencialdigital.com,0.0
www.elcorredornoticias.com,0.0
www.elcorreo.com,0.0
www.eldebate.com,0.0
www.elidealgallego.com,0.0
www.elgranaviso-mensajes.com,0.0
www.elfinanciero.com.mx,0.0
www.elfaradio.com,0.0
www.elespectador.com,0.0
www.elespanol.com,0.0
www.elenigmaplanetario.site,0.0
www.elementocolectivo.com,0.0
www.dropbox.com,0.0
www.eldisenso.com,0.0
www.eldiestro.es,0.0
www.eldiariomontanes.es,0.0
www.eldiariodecarlospaz.com.ar,0.0
www.eldiarioalerta.com,0.0
www.eldiario.es,0.0
www.eldia.es,0.0
www.eldia.com,0.0
www.eldestapeweb.com,0.0
www.eldigitaldealbacete.com,0.0
www.elimparcial.com,0.0
www.dream-alcala.com,0.0
www.divinity.es,0.0
www.diariocritico.com,0.0
www.diariocordoba.com,0.0
www.diariobitcoin.com,0.0
www.diarioarea.com,0.0
www.diarimes.com,0.0
www.df.cl,0.0
www.dell.com,0.0
www.degruyter.com,0.0
www.dailywire.com,0.0
www.dailystar.co.uk,0.0
www.dailyrecord.co.uk,0.0
www.dailymotion.com,0.0
www.daat.online,0.0
www.cyltv.es,0.0
www.curralia.es,0.0
www.cuerpomente.com,0.0
www.cuatro.com,0.0
www.diariodealmeria.es,0.0
www.diariodeburgos.es,0.0
www.diariodejerez.es,0.0
www.diariodeleon.es,0.0
www.dioxvitae.es,0.0
www.dignitymemorial.com,0.0
www.digifection.com,0.0
www.diariovasco.com,0.0
www.diariosur.es,0.0
www.diariopalentino.es,0.0
www.diarionorte.com,0.0
www.diariomendoza.com.ar,0.0
www.dominicos.org,0.0
www.diariomedico.com,0.0
www.diariolamanana.com.ar,0.0
www.diariojaen.es,0.0
www.diarioextra.com,0.0
www.diarioelzondasj.com.ar,0.0
www.diariodesevilla.es,0.0
www.diariodenavarra.es,0.0
www.diariodemexico.com,0.0
www.diariodemallorca.es,0.0
www.diariolasamericas.com,0.0
www.csic.es,0.0
www.elimpulso.com,0.0
www.elliberal.cat,0.0
www.formulatv.com,0.0
www.forhumchristi.com,0.0
www.foreverlife.com.ar,0.0
www.forbesargentina.com,0.0
www.forbes.com.mx,0.0
www.forbes.com,0.0
www.fnac.es,0.0
www.flickr.com,0.0
www.filmaffinity.com,0.0
www.fearlessfeatures.org,0.0
www.fda.gov,0.0
www.faz.net,0.0
www.farodevigo.es,0.0
www.fanpage.it,0.0
www.extra.com.py,0.0
www.express.co.uk,0.0
www.expansion.com,0.0
www.foroacce.com,0.0
www.forodeseguridad.com,0.0
www.fox5atlanta.com,0.0
www.francebleu.fr,0.0
www.giannicesarini.com,0.0
www.geriatricarea.com,0.0
www.gente.com.ar,0.0
www.genovatoday.it,0.0
www.generaccion.com,0.0
www.gba.gob.ar,0.0
www.galiciamaxica.eu,0.0
www.gainesvillecoins.com,0.0
www.exitoconciencia.com,0.0
www.gacetamercantil.com,0.0
www.futbol.com.uy,0.0
www.fundacionareces.es,0.0
www.fsme.es,0.0
www.frontline.news,0.0
www.frontiersin.org,0.0
www.freedavidicke.eu,0.0
www.frbservices.org,0.0
www.francetvinfo.fr,0.0
www.g24.gal,0.0
www.elindependiente.com,0.0
www.ewtn.com,0.0
www.eventbrite.es,0.0
www.elsol.com.ar,0.0
www.elsiglodetorreon.com.mx,0.0
www.elsevier.es,0.0
www.elsaltodiario.com,0.0
www.elprogreso.es,0.0
www.elplural.com,0.0
www.elperiodista.cl,0.0
www.elperiodicomediterraneo.com,0.0
www.elperiodicoextremadura.com,0.0
www.elperiodicodeaqui.com,0.0
www.elperiodic.com,0.0
www.elobservador.com.uy,0.0
www.elnortedecastilla.es,0.0
www.elnacional.cat,0.0
www.elmundotoday.com,0.0
www.ellitoral.com,0.0
www.elliberal.com,0.0
www.elsoldetampico.com.mx,0.0
www.eltelevisero.com,0.0
www.eltestigofiel.org,0.0
www.eltribuno.com,0.0
www.eurosport.de,0.0
www.europasur.es,0.0
www.euromomo.eu,0.0
www.eugyppius.com,0.0
www.estrategiasdeinversion.com,0.0
www.estadiodeportivo.com,0.0
www.essentiallysports.com,0.0
www.esquire.com,0.0
www.eventiavversinews.it,0.0
www.espiritualchef.es,0.0
www.esdiario.com,0.0
www.es.amnesty.org,0.0
www.epochtimes.de,0.0
www.epe.es,0.0
www.entreletras.eu,0.0
www.enlacejudio.com,0.0
www.england.nhs.uk,0.0
www.emprendedores.es,0.0
www.espinof.com,0.0
www.cronicalibre.com,0.0
www.cronachemaceratesi.it,0.0
www.criptonoticias.com,0.0
www.agrositio.com.ar,0.0
www.agrodiario.com,0.0
www.agencianova.com,0.0
www.aestimatioabogados.com,0.0
www.aerzteblatt.de,0.0
www.aerotime.aero,0.0
www.aeroinside.com,0.0
www.aepd.es,0.0
www.aemps.gob.es,0.0
www.aemet.es,0.0
www.adslzone.net,0.0
www.adrreports.eu,0.0
www.adnsur.com.ar,0.0
www.adnradio.cl,0.0
www.adif.es,0.0
www.actuall.com,0.0
www.actualidadtdf.com.ar,0.0
www.ahajournals.org,0.0
www.airedesantafe.com.ar,0.0
www.airlinersforhumanity.com,0.0
www.alcalahoy.es,0.0
www.anbariloche.com.ar,0.0
www.analyzingamerica.org,0.0
www.analyticssteps.com,0.0
www.amjmed.com,0.0
www.americasfrontlinenews.com,0.0
www.ambito.com,0.0
www.ambientesoluciones.com,0.0
www.amazon.it,0.0
www.acton.org,0.0
www.amazon.es,0.0
www.amazon.co.uk,0.0
www.amandafamilias.org,0.0
www.am.com.mx,0.0
www.aluminiumresearchgroup.com,0.0
www.alk.foundation,0.0
www.alimente.elconfidencial.com,0.0
www.alexander-wallasch.de,0.0
www.alertadigital.com,0.0
www.amazon.com.mx,0.0
www.antena3.com,0.0
www.acpjournals.org,0.0
www.aciprensa.com,0.0
weltwoche.ch,0.0
webcatolicodejavier.org,0.0
web.archive.org,0.0
we.tl,0.0
warroom.org,0.0
wap.business-standard.com,0.0
wallapop.com,0.0
wa.me,0.0
vu2004.admin.hosting8.ing.udec.cl,0.0
vozdeladiasporanews.com,0.0
voedia.com,0.0
vm.tiktok.com,0.0
vk.com,0.0
viveprimal.com,0.0
viroliegy.com,0.0
vigilantcitizen.com,0.0
vidamassana.eu,0.0
windowsontheworld.net,0.0
wits.worldbank.org,0.0
woman.elperiodico.com,0.0
wonder.cdc.gov,0.0
www.achgut.com,0.0
zeolita-life.callbell.shop,0.0
www.abadiadesilos.es,0.0
www.a24.com,0.0
www.SignStop5G.eu,0.0
www.6pr.com.au,0.0
www.3djuegos.com,0.0
www.20minutes.fr,0.0
www.acodap.org,0.0
www.10news.com,0.0
www.0223.com.ar,0.0
www.0221.com.ar,0.0
www-theepochtimes-com.translate.goog,0.0
www-ncbi-nlm-nih-gov.translate.goog,0.0
www-infobae-com.cdn.ampproject.org,0.0
wradio.com.mx,0.0
worldwide.espacenet.com,0.0
worldcouncilforhealth.org,0.0
www.0264noticias.com.ar,0.0
www.anti-spiegel.ru,0.0
www.apmadrid.es,0.0
www.appcreator24.com,0.0
www.chch.com,0.0
www.change.org,0.0
www.ceutaactualidad.com,0.0
www.cesarvidal.tv,0.0
www.centrosaludnutricional.com,0.0
www.centerforhealthsecurity.org,0.0
www.cell.com,0.0
www.cebm.net,0.0
www.cdc.gov,0.0
www.cbc.ca,0.0
www.catalunyapress.es,0.0
www.castedduonline.it,0.0
www.cartagenaactualidad.com,0.0
www.caranddriver.com,0.0
www.cancertreatmentjournal.com,0.0
www.cancer.gov,0.0
www.canarias7.es,0.0
www.ciclismointernacional.com,0.0
www.clarin.com,0.0
www.climatica.lamarea.com,0.0
www.clm24.es,0.0
www.covid19evidencias.com,0.0
www.corriere.it,0.0
www.corrienteshoy.com,0.0
www.corodok.de,0.0
www.corazones.org,0.0
www.cope.es,0.0
www.consalud.es,0.0
www.conoze.com,0.0
www.canal5tv.es,0.0
www.conclusion.com.ar,0.0
www.comunidad.madrid,0.0
www.compromisorse.com,0.0
www.compact-online.de,0.0
www.codigosideral.com,0.0
www.cochrane.org,0.0
www.cnr.it,0.0
www.cnn.com,0.0
www.cmmedia.es,0.0
www.comusav.com,0.0
www.caminodelcid.org,0.0
www.cambio16.com,0.0
www.cajadepandora.com,0.0
www.bibliotecapleyades.net,0.0
www.bfmtv.com,0.0
www.belfastlive.co.uk,0.0
www.bebesymas.com,0.0
www.bariviva.it,0.0
www.bag.admin.ch,0.0
www.baenegocios.com,0.0
www.aztecabajio.com,0.0
www.bild.de,0.0
www.azonano.com,0.0
www.axios.com,0.0
www.autonocion.com,0.0
www.atlantico.net,0.0
www.armstrongeconomics.com,0.0
www.argentina.gob.ar,0.0
www.arecetas.com,0.0
www.arabnews.com,0.0
www.aprendecomoestudiar.com,0.0
www.azcostadelsol.com,0.0
www.giglon.com,0.0
www.biobiochile.cl,0.0
www.bladi.net,0.0
www.cadena3.com,0.0
www.c5n.com,0.0
www.buymeacoffee.com,0.0
www.businesswire.com,0.0
www.businessinsider.es,0.0
www.burgosconecta.es,0.0
www.burbuja.info,0.0
www.brighteon.com,0.0
www.bitchute.com,0.0
www.brandeis.edu,0.0
www.boletinoficial.gob.ar,0.0
www.boe.es,0.0
www.bnnbloomberg.ca,0.0
www.bluehealthcare.es,0.0
www.blogsicilia.it,0.0
www.bloghemia.com,0.0
www.blogger.com,0.0
www.blick.ch,0.0
www.bolsamania.com,0.0
vidamar.info,0.0
www.glasgowlive.co.uk,0.0
www.globovision.com,0.0
www.runnersworld.com,0.0
www.rts.ch,0.0
www.rosariomariano.com,0.0
www.rosario3.com,0.0
www.rompeelsilencio.es,0.0
www.romait.it,0.0
www.rogeliolopezgarrido.com,0.0
www.rockfm.fm,0.0
www.ritualypropaganda.com,0.0
www.rioja2.com,0.0
www.revistavanityfair.es,0.0
www.resumenlatinoamericano.org,0.0
www.republicamendalerenda.net,0.0
www.religionenlibertad.com,0.0
www.rehumanizeintl.org,0.0
www.redvoicemedia.com,0.0
www.redbubble.com,0.0
www.saludprohibida.com,0.0
www.saludyfarmacos.org,0.0
www.saludyjusticiacordoba.es,0.0
www.sana.sy,0.0
www.skepticalraptor.com,0.0
www.sinembargo.mx,0.0
www.simonparkes.org,0.0
www.siliconrepublic.com,0.0
www.sigmaaldrich.com,0.0
www.servimedia.es,0.0
www.sensacine.com,0.0
www.semana.com,0.0
www.rcreader.com,0.0
www.segre.com,0.0
www.sdpnoticias.com,0.0
www.sciencedaily.com,0.0
www.sciencealert.com,0.0
www.scabelum.com,0.0
www.santopedia.com,0.0
www.santisimavirgen.com.ar,0.0
www.sanidad.gob.es,0.0
www.sanchezgarridoabogados.com,0.0
www.sec.gov,0.0
www.smandaluz.com,0.0
www.razonmasfe.com,0.0
www.rankia.com,0.0
www.pabloocheragayet.com,0.0
www.oval.media,0.0
www.outono.net,0.0
www.osul.com.br,0.0
www.osasunbizi.eus,0.0
www.orwell.city,0.0
www.operanewsapp.com,0.0
www.openms.es,0.0
www.ondacero.es,0.0
www.oliverstravels.com,0.0
www.ole.com.ar,0.0
www.oldenburger-onlinezeitung.de,0.0
www.observatoriomedicinaintegrativa.org,0.0
www.observatoriobioetica.org,0.0
www.nuevodiarioweb.com.ar,0.0
www.nperf.com,0.0
www.notivida.org,0.0
www.pamiesvitae.com,0.0
www.patreon.com,0.0
www.paypal.com,0.0
www.paypal.me,0.0
www.radiosantafe.com,0.0
www.radionica.rocks,0.0
www.puntocomunica.com,0.0
www.publimetro.com.mx,0.0
www.prnewswire.com,0.0
www.primerplanoonline.com.ar,0.0
www.primeroscristianos.com,0.0
www.prealpina.it,0.0
www.rasmussenreports.com,0.0
www.pravda.com.ua,0.0
www.portugalresident.com,0.0
www.politico.com,0.0
www.policiasporlalibertad.com,0.0
www.plantadoce.com,0.0
www.pildorasdefe.net,0.0
www.perkinelmer.com,0.0
www.perfil.com,0.0
www.peliculagarabandal.com,0.0
www.posta.com.mx,0.0
www.noticiasrcn.com,0.0
www.smnoticias.com,0.0
www.sott.net,0.0
www.wellington-today.co.uk,0.0
www.weforum.org,0.0
www.webconsultas.com,0.0
www.wctv.tv,0.0
www.walfoot.be,0.0
www.voltairenet.org,0.0
www.vocesdecuenca.com,0.0
www.vitonica.com,0.0
www.vertigopolitico.com,0.0
www.veritas.es,0.0
www.verdadypaciencia.com,0.0
www.vatican.va,0.0
www.vanitatis.elconfidencial.com,0.0
www.vacunacovid.gob.es,0.0
www.upday.com,0.0
www.unotv.com,0.0
www.unfpa.org,0.0
www.welt.de,0.0
www.whatdoesitmean.com,0.0
www.who.int,0.0
www.wired.com,0.0
youtube.com,0.0
xochipelli.fr,0.0
xabiaaldia.com,0.0
wwwnc.cdc.gov,0.0
wwwmileschristi.blogspot.com,0.0
www.zerohedge.com,0.0
www.zeolitalife.org,0.0
www.zamora24horas.com,0.0
www.ultimahora.com,0.0
www.youtube.com,0.0
www.ynetespanol.com,0.0
www.xn--espaaconfidencial-ixb.com,0.0
www.xn--elespaoldigital-3qb.com,0.0
www.xataka.com.mx,0.0
www.wsoctv.com,0.0
www.wradio.com.co,0.0
www.wochenblick.at,0.0
www.wired.it,0.0
www.yourlifechoices.com.au,0.0
www.solidariatv.com,0.0
www.twitch.tv,0.0
www.trialsitenews.com,0.0
www.telecinco.es,0.0
www.teldeactualidad.com,0.0
www.telam.com.ar,0.0
www.technologyreview.com,0.0
www.teaming.net,0.0
www.talcualchajari.com.ar,0.0
www.swissinfo.ch,0.0
www.supremecourt.gov,0.0
www.sundaymail.co.zw,0.0
www.sufridoresencasa.com,0.0
www.studenticontroilgreenpass.it,0.0
www.stopsprayingcalifornia.com,0.0
www.stewpeters.com,0.0
www.spreaker.com,0.0
www.sport.es,0.0
www.spiegel.de,0.0
www.spectator.com.au,0.0
www.telefonica.com,0.0
www.telemadrid.es,0.0
www.telesemana.com,0.0
www.terracestandard.com,0.0
www.tradicionviva.es,0.0
www.toscanamedianews.it,0.0
www.tomecontroldesusalud.com,0.0
www.todostuslibros.com,0.0
www.todoroca.com,0.0
www.todocuba.org,0.0
www.todocircuito.com,0.0
www.tispain.com,0.0
www.trojmiasto.pl,0.0
www.tiempodesanjuan.com,0.0
www.thetimes.co.uk,0.0
www.thesun.co.uk,0.0
www.thescottishsun.co.uk,0.0
www.thenews.com.pk,0.0
www.theguardian.com,0.0
www.theepochtimes.com,0.0
www.the-sun.com,0.0
www.texacopub.com,0.0
www.tichyseinblick.de,0.0
www.noticiasetx.com,0.0
www.noticiasdenavarra.com,0.0
www.noticiasdegipuzkoa.eus,0.0
www.kreiszeitung.de,0.0
www.kla.tv,0.0
www.juventudrebelde.cu,0.0
www.jpost.com,0.0
www.jornaldacidadeonline.com.br,0.0
www.jornada.com.mx,0.0
www.jordannews.jo,0.0
www.jhunewsletter.com,0.0
www.jewishvirtuallibrary.org,0.0
www.ivoox.com,0.0
www.iso.org,0.0
www.isglobal.org,0.0
www.isciii.es,0.0
www.irishmirror.ie,0.0
www.irekia.euskadi.eus,0.0
www.iproup.com,0.0
www.interempresas.net,0.0
www.la7tv.es,0.0
www.lagacetadesalamanca.es,0.0
www.laizquierdadiario.com,0.0
www.lanacion.com.ar,0.0
www.latercera.com,0.0
www.lateclamardelplata.com.ar,0.0
www.lasprovincias.es,0.0
www.lasexta.com,0.0
www.lascosasdeltoro.com,0.0
www.lasalmasdespiertas.com,0.0
www.larioja.com,0.0
www.laregion.es,0.0
www.interacademies.org,0.0
www.laquintacolumna.net,0.0
www.laprovincia.es,0.0
www.laprensa.hn,0.0
www.laprensa.com.ar,0.0
www.lapoliticaonline.com,0.0
www.laopiniondemurcia.es,0.0
www.laopiniondemalaga.es,0.0
www.lanoticia1.com,0.0
www.lanacion.com.py,0.0
www.laquintacolumna.info,0.0
www.latestly.com,0.0
www.instagram.com,0.0
www.innovationhub-act.org,0.0
www.healio.com,0.0
www.hbm4eu.eu,0.0
www.harvardmagazine.com,0.0
www.harpersbazaar.mx,0.0
www.hablandoclaro.com.ar,0.0
www.grupolaprovincia.com,0.0
www.greenfacts.org,0.0
www.graphene-info.com,0.0
www.granadahoy.com,0.0
www.granadadigital.es,0.0
www.gov.br,0.0
www.google.es,0.0
www.google.com,0.0
www.gold-eagle.com,0.0
www.gofundme.com,0.0
www.gob.mx,0.0
www.gmx.net,0.0
www.healthychildren.org,0.0
www.heraldosdelevangelio.com,0.0
www.hispanatolia.com,0.0
www.hispanidad.com,0.0
www.infowars.com,0.0
www.informacion.es,0.0
www.infopalancia.com,0.0
www.infofueguina.com,0.0
www.infocatolica.com,0.0
www.ine.es,0.0
www.independentespanol.com,0.0
www.imdb.com,0.0
www.inscribirme.com,0.0
www.ilmessaggero.it,0.0
www.ideal.es,0.0
www.huleymantel.com,0.0
www.huffingtonpost.es,0.0
www.hoy.es,0.0
www.hottytoddy.com,0.0
www.hola.com,0.0
www.hobbyconsolas.com,0.0
www.hispantv.com,0.0
www.ifomo.es,0.0
www.latimes.com,0.0
www.launion.com.py,0.0
www.laverdad.es,0.0
www.mondosonoro.com,0.0
www.moncloa.com,0.0
www.moleculardevices.com,0.0
www.mobileworldlive.com,0.0
www.mitosyfraudes.org,0.0
www.mitele.es,0.0
www.mirror.co.uk,0.0
www.minutouno.com,0.0
www.military.com,0.0
www.milenio.com,0.0
www.milanotoday.it,0.0
www.midilibre.fr,0.0
www.metropoliabierta.com,0.0
www.metropoles.com,0.0
www.metabunk.org,0.0
www.merkur.de,0.0
www.merca2.es,0.0
www.montevideo.com.uy,0.0
www.morgellons.org,0.0
www.motorpasion.com,0.0
www.msn.com,0.0
www.noticiasdealava.eus,0.0
www.niusdiario.es,0.0
www.nist.gov,0.0
www.nextgov.com,0.0
www.newtral.es,0.0
www.news.com.au,0.0
www.netflix.com,0.0
www.negocios.com,0.0
www.mentealternativa.com,0.0
www.ndtv.com,0.0
www.natureworldnews.com,0.0
www.naturalnews.com,0.0
www.nationalgeographic.es,0.0
www.nationalgeographic.com.es,0.0
www.naiz.eus,0.0
www.nacion.com,0.0
www.n-tv.de,0.0
www.mundotoro.com,0.0
www.nbcnews.com,0.0
www.menshealth.com,0.0
www.menorca.info,0.0
www.memoriachilena.gob.cl,0.0
www.linkedin.com,0.0
www.lindipendente.online,0.0
www.lifesitenews.com,0.0
www.liberaldecastilla.com,0.0
www.levante-emv.com,0.0
www.leontinoinews.it,0.0
www.leonoticias.com,0.0
www.lenntech.es,0.0
www.liverpoolecho.co.uk,0.0
www.lemonde.fr,0.0
www.ledgerinsights.com,0.0
www.lecturas.com,0.0
www.leccenews24.it,0.0
www.lawfareblog.com,0.0
www.lavozdigital.es,0.0
www.lavozdeltajo.com,0.0
www.lavozdeasturias.es,0.0
www.lavoz.com.ar,0.0
www.legaltoday.com,0.0
www.globalizacion.ca,0.0
www.lmneuquen.com,0.0
www.loc.gov,0.0
www.mejorinformado.com,0.0
www.meetup.com,0.0
www.mediterraneodigital.com,0.0
www.medicina.ues.edu.sv,0.0
www.medicdebate.org,0.0
www.medicalnewstoday.com,0.0
www.mediatize.info,0.0
www.meddeviceonline.com,0.0
www.lne.es,0.0
www.mdpi.com,0.0
www.marialuzdivina.com,0.0
www.manchestereveningnews.co.uk,0.0
www.malagahoy.es,0.0
www.madridiario.es,0.0
www.lrt.lt,0.0
www.lostiempos.com,0.0
www.losandes.com.ar,0.0
www.loom.com,0.0
www.maurizioblondet.it,0.0
vidaecologica.info,0.0
www.abs.gov.au,0.0
viapais.com.ar,0.0
es.m.wikipedia.org,0.0
es.linkedin.com,0.0
es.kalckerinstitute.com,0.0
es.globedia.com,0.0
es.gizmodo.com,0.0
es.digitaltrends.com,0.0
es.cointelegraph.com,0.0
es.catholic.net,0.0
es.ara.cat,0.0
es.aleteia.org,0.0
es-us.noticias.yahoo.com,0.0
es-us.finanzas.yahoo.com,0.0
es-mb.theepochtimes.com,0.0
ept.ms,0.0
epochtimes-se.translate.goog,0.0
ensegundos.com.pa,0.0
english.alarabiya.net,0.0
es.metapedia.org,0.0
es.news-front.info,0.0
es.player.fm,0.0
es.prepareforchange.net,0.0
euroefe.euractiv.es,0.0
eumetview.eumetsat.int,0.0
eu.livingstondaily.com,0.0
espresso.repubblica.it,0.0
espanol.almayadeen.net,0.0
espanadiario.tips,0.0
espanadiario.futbol,0.0
espanadiario.es,0.0
english-pravda-ru.translate.goog,0.0
espacio.fundaciontelefonica.com,0.0
es.wikiloc.com,0.0
es.weforum.org,0.0
es.visiontimes.com,0.0
es.theepochtimes.com,0.0
es.surveymonkey.com,0.0
es.sott.net,0.0
es.scribd.com,0.0
es.reseauinternational.net,0.0
es.wikipedia.org,0.0
enfoques.gal,0.0
energy-healing-summit.com,0.0
encyclopedia.pub,0.0
eldisparate.tv,0.0
eldiestro.tv,0.0
eldiariony.com,0.0
eldeporteconquense.com,0.0
eldeber.com.bo,0.0
elcorreoweb.es,0.0
elcorreodeespana.com,0.0
elcomercio.pe,0.0
eleconomista.com.ar,0.0
elcierredigital.com,0.0
elcaso.elnacional.cat,0.0
elamerican.com,0.0
ejercitoremanente.com,0.0
efecto-placebo2.webnode.es,0.0
editorialeas.com,0.0
edition.cnn.com,0.0
ecoosfera.com,0.0
economiacircularverde.com,0.0
elcasopedrovarela.wordpress.com,0.0
euromomo.eu,0.0
elenigmaplanetario.blogspot.com,0.0
elinvestigador.org,0.0
en.wikipedia.org,0.0
en.m.wikipedia.org,0.0
en.kalckerinstitute.com,0.0
emfhazards.com,0.0
eltorotv.com,0.0
elsemanaldelamancha.com,0.0
elperiodicodelaenergia.com,0.0
elpacifico.webador.es,0.0
elexpresoresurreccion.com,0.0
elotroplano.tv,0.0
elordenmundial.com,0.0
elnuevodiario.com.do,0.0
elmercurio.com.ec,0.0
elmedicointeractivo.com,0.0
elmarplatense.com,0.0
elmanifiesto.com,0.0
ellibre.es,0.0
elitehumana.wordpress.com,0.0
elosoblindado.com,0.0
ecodiario.eleconomista.es,0.0
euskalnews.com,0.0
eventos.comusav.com,0.0
invierte.biz,0.0
internationalflyguy.com,0.0
instagr.am,0.0
insiderpaper.com,0.0
infovaticana.com,0.0
infomasnoticias.com,0.0
infomag.es,0.0
infocielo.com,0.0
infob.ae,0.0
victimasdelospoliticos.org,0.0
images.app.goo.gl,0.0
imagendeveracruz.mx,0.0
iglesiaendirecto.com,0.0
icandecide.org,0.0
humanmeatproject.com,0.0
huelvabuenasnoticias.com,0.0
huelva24.com,0.0
iowaclimate-org.translate.goog,0.0
isanidad.com,0.0
israelnewstalkradio.com,0.0
israelnoticias.com,0.0
lacittanews.it,0.0
la4x4radio.com.ar,0.0
l.reconquista.heraldos.org,0.0
kripkit.com,0.0
kontrainfo.com,0.0
knowhatamine.substack.com,0.0
karenkingston.substack.com,0.0
kanekoa.substack.com,0.0
hotm.art,0.0
kalckerinstitute.com,0.0
jugo.social,0.0
journals.plos.org,0.0
journals.aai.org,0.0
jonanderetxebarria.wordpress.com,0.0
jmruizvalls.wordpress.com,0.0
jerezdeloscaballeros.hoy.es,0.0
jcmonedero.com,0.0
it.usembassy.gov,0.0
jwa.org,0.0
home.kpmg,0.0
hjg.com.ar,0.0
hipertextual.com,0.0
futuros.gob.es,0.0
fundaciondulcerevolucion.com,0.0
fundaciondpt.com.ar,0.0
frontline.news,0.0
freedomplatform.tv,0.0
france3-regions.francetvinfo.fr,0.0
foronaval.com,0.0
forocatolico.wordpress.com,0.0
g.co,0.0
forms.gle,0.0
flipboard.com,0.0
fb.watch,0.0
fb.me,0.0
f7td5.app.goo.gl,0.0
expresso.pt,0.0
expose--news-com.translate.goog,0.0
exoticfruitbox.com,0.0
exatanews.com.br,0.0
fmdelestechajari.com.ar,0.0
euskalnews.tv,0.0
g1.globo.com,0.0
gasolfoundation.org,0.0
hidrologiamarina.wordpress.com,0.0
hexa-x.eu,0.0
hermanosbarea.tv,0.0
heraldosparaguay.com,0.0
healthimpactnews.com,0.0
h50policia.es,0.0
guerraenucrania.wordpress.com,0.0
greatgameindia.com,0.0
gacetinmadrid.com,0.0
goodsciencing.com,0.0
go.ivoox.com,0.0
go.hotmart.com,0.0
gloria.tv,0.0
gettr.com,0.0
gestionsindical.com,0.0
gestion.pe,0.0
gdhdigital.es,0.0
gbdeclaration.org,0.0
gofund.me,0.0
laforzadellaverita.wordpress.com,0.0
dzieje.pl,0.0
dulcerevolucion.tv,0.0
astillasderealidad2.blogspot.com,0.0
asociacioneleuteria.org,0.0
asambleadelospueblosdeespa√±a.es,0.0
artsencollectief.nl,0.0
arrizabalagauriarte.com,0.0
argentina.as.com,0.0
archive.ph,0.0
archive.org,0.0
arainfo.org,0.0
ar.radiocut.fm,0.0
apsiin.cl,0.0
apricotte.com,0.0
apnews.com,0.0
antiprogre.com,0.0
antenasmoviles.es,0.0
ansabrasil.com.br,0.0
anikaentrelibros.com,0.0
asturgalicia.net,0.0
at.tumblr.com,0.0
atalayar.com,0.0
auf1.tv,0.0
blogthinkbig.com,0.0
blogs.20minutos.es,0.0
blancacomics5.blogspot.com,0.0
blakalade.blogspot.com,0.0
bioperfil.com,0.0
biologosporlaverdad.es,0.0
bioclandestine.substack.com,0.0
bidenlaptopreport.marcopolousa.org,0.0
angelprimal.com,0.0
bible.com,0.0
beta.ctvnews.ca,0.0
benjaminfulford.net,0.0
benditasalmas.org,0.0
beforeitsnews.com,0.0
ayl.tv,0.0
avherald.com,0.0
aulterra.com,0.0
augustafreepress.com,0.0
bgr.com,0.0
andreaskalcker.com,0.0
andreaskalcker.acblnk.com,0.0
andaluciainformacion.es,0.0
agenciaajn.com,0.0
afectadosporlasvacunas.com,0.0
adoracionyliberacion.com,0.0
admefy.com,0.0
adelanteespana.com,0.0
actualidad-rt.com,0.0
acortar.link,0.0
acelobert.com,0.0
agoratv.ch,0.0
abogadoscristianos.es,0.0
abogadomartin.es,0.0
ProgettoAletheia.it,0.0
7news.com.au,0.0
7espiritus.blogspot.com,0.0
24noticias.org,0.0
2020news.de,0.0
1erinforme.com,0.0
180graus.com,0.0
abogadoscristianos.com,0.0
boe.es,0.0
aguaxol.com,0.0
airtable.com,0.0
anamihalceamdphd.substack.com,0.0
amzn.to,0.0
amzn.eu,0.0
amp.theguardian.com,0.0
amp.marca.com,0.0
amp.epe.es,0.0
amp.elperiodico.com,0.0
amp.elmundo.es,0.0
aim4truth.org,0.0
amp.65ymas.com,0.0
almuzaralibros.com,0.0
allnewspipeline.com,0.0
alkfoundation.com,0.0
alivenhealthy.com,0.0
alianzanacional.net,0.0
alertanacional.es,0.0
alegrianatural.com,0.0
albertonews.com,0.0
amg-news.com,0.0
dunapress.org,0.0
books.google.com,0.0
buscaminas.eu,0.0
democracianacional.org,0.0
deltoroalinfinito.blogspot.com,0.0
decrypt.co,0.0
de.news-front.info,0.0
de.kalckerinstitute.com,0.0
dcenquirer.com,0.0
davidicke.com,0.0
datosmacro.expansion.com,0.0
dailystormer.in,0.0
dailym.ai,0.0
dailyclout.io,0.0
dai.ly,0.0
cutt.ly,0.0
culred.com,0.0
cuidateplus.marca.com,0.0
crowdbunker.com,0.0
cronicaglobal.elespanol.com,0.0
derechadiario.com.ar,0.0
destinofinal.blog,0.0
diario-octubre.com,0.0
diarioanticipos.com,0.0
dulcerevolucion.com,0.0
drtrozzi.org,0.0
drpanda.substack.com,0.0
drive.google.com,0.0
drdavidnixon.com,0.0
dq271.isrefer.com,0.0
doi.org,0.0
doctoradolfoherrera.blogspot.com,0.0
corrieredelveneto.corriere.it,0.0
divasmkultra.blogspot.com,0.0
dinaresgurus.blogspot.com,0.0
digitaldeleon.com,0.0
dieunbestechlichen.com,0.0
diccionariodesimbolos.org,0.0
diariohoy.net,0.0
diarioelregionaldelzulia.com,0.0
diariodevallarta.com,0.0
diariodeavisos.elespanol.com,0.0
dissidentofficiel.com,0.0
coronavirus.jhu.edu,0.0
corona-ausschuss.de,0.0
contrastado.com,0.0
chat.whatsapp.com,0.0
cesarbakken.wordpress.com,0.0
centro-daleth.ueniweb.com,0.0
celiafarber.substack.com,0.0
cazadebunkers.wordpress.com,0.0
cauac.org,0.0
catalunyadiari.com,0.0
casertace.net,0.0
childrenshealthdefense-org.translate.goog,0.0
carrer-la-marca.eu,0.0
carifilii.es,0.0
caracol.com.co,0.0
capital.es,0.0
canal7salta.com,0.0
canal5tv.es,0.0
canal5radio.tv,0.0
caitlinjohnstone.substack.com,0.0
byebye-covid.com,0.0
carnicominstitute.org,0.0
brightlightnews.com,0.0
cienciayamor.tv,0.0
cima.aemps.es,0.0
confilegal.com,0.0
comusav.com,0.0
computerhoy.com,0.0
comovaradealmendro.es,0.0
comoqueporque.es,0.0
community.covidvaccineinjuries.com,0.0
commission.europa.eu,0.0
colinrivas.tv,0.0
cienciaysaludnatural.com,0.0
colinrivas.show,0.0
clips.twitch.tv,0.0
clinicaltrials.gov,0.0
clifhigh.substack.com,0.0
click.mlsend.com,0.0
ciudadmalvin.com,0.0
citizens.news,0.0
citizengo.org,0.0
cincodias.elpais.com,0.0
cnnportugal.iol.pt,0.0
lagaceta.com.uy,0.0
impactoespananoticias.com,0.0
lajornadanet.com,0.0
revistajaraysedal.es,0.0
revistacatolica.org,0.0
revelion.tv,0.0
resistthemainstream.com,0.0
research.calvin.edu,0.0
republica.gt,0.0
report24.news,0.0
report24-news.translate.goog,0.0
revistanos.cl,0.0
renaissancemen.org,0.0
redsocialconciencia.com,0.0
red.cienciaysaludnatural.com,0.0
reclaimthenet.org,0.0
rebellionthreads.com,0.0
rebelionenlagranja.com,0.0
rebelion.org,0.0
react19.org,0.0
ramblalibre.com,0.0
religionlavozlibre.blogspot.com,0.0
rallymundial.net,0.0
revistapesquisa.fapesp.br,0.0
revolucion989.com.ar,0.0
senatorcarlos.blogspot.com,0.0
selectra.es,0.0
seekingalpha.com,0.0
sciencex.com,0.0
scienceblogs.com,0.0
sanasyria.org,0.0
samnytt-se.translate.goog,0.0
saludprohibida.com,0.0
revistas.unlp.edu.ar,0.0
saludineroap.blogspot.com,0.0
s.click.aliexpress.com,0.0
rwmalonemd.substack.com,0.0
rubenluengas.com,0.0
rpp.pe,0.0
romerasuministros.es,0.0
rlaotraverdad.wordpress.com,0.0
rinconreligioso.com,0.0
rinconforero.mforos.com,0.0
safeblood.ch,0.0
serviralpuebloperiodico.wordpress.com,0.0
rairfoundation.com,0.0
radioarrayan.cl,0.0
planoinformativo.com,0.0
plandemicseries.com,0.0
pijamasurf.com,0.0
physicsworld.com,0.0
phys.org,0.0
philosophia-perennis.com,0.0
petersweden.substack.com,0.0
petermcculloughmd.substack.com,0.0
play.google.com,0.0
periodistasporlaverdad.com,0.0
peldebatsocial.wordpress.com,0.0
payhip.com,0.0
patft.uspto.gov,0.0
patents.google.com,0.0
patents-google-com.translate.goog,0.0
particleandfibretoxicology.biomedcentral.com,0.0
participe.heraldos.org,0.0
pamiesvitae.com,0.0
pelisflix.dev,0.0
rafapal.com,0.0
player.vimeo.com,0.0
podcasts.apple.com,0.0
radicalbikers.rnrpreachers.com,0.0
quercusjuridico.es,0.0
qpaso.ar,0.0
qalerts.app,0.0
pubs.rsc.org,0.0
pubmed.ncbi.nlm.nih.gov,0.0
psicologiaymente.com,0.0
prouespeculacio.org,0.0
pleiteticker.de,0.0
profidecatholica.com,0.0
proceso.com.do,0.0
lahistoriamemata.com,0.0
prnoticias.com,0.0
postgrado.ucsp.edu.pe,0.0
posmodernia.com,0.0
politicalocal.es,0.0
politica.e-noticies.es,0.0
policiasporlalibertad.tv,0.0
professorwerner.org,0.0
signstop5g.eu,0.0
silvanobaztan.com,0.0
simonmercieca.com,0.0
tucuentofavorito.com,0.0
truthtalk.uk,0.0
truth613.substack.com,0.0
trotapoker.tv,0.0
trikooba.org,0.0
trikooba.es,0.0
trendings.es,0.0
translate.google.es,0.0
tv.gab.com,0.0
transition-news.org,0.0
tn.com.ar,0.0
tkp.at,0.0
tinyurl.com,0.0
time.is,0.0
ticketfever.es,0.0
threadreaderapp.com,0.0
thepulse.one,0.0
thepostmillennial.com,0.0
topesdegama.com,0.0
theparadise.ng,0.0
twitch.tv,0.0
uacde.tv,0.0
vertele.eldiario.es,0.0
vaughn.live,0.0
vanguardia.com.mx,0.0
valenciaplaza.com,0.0
vaers.hhs.gov,0.0
vaccineimpact.com,0.0
v.helo-app.com,0.0
usadramalert.com,0.0
uacd.tv,0.0
us02web.zoom.us,0.0
upc.edu.ar,0.0
unsaltoquantico.blogspot.com,0.0
undergroundreportorg.wordpress.com,0.0
undark.org,0.0
uncutnews.ch,0.0
unadosisderealidad.es,0.0
uk.news.yahoo.com,0.0
uaf.edu,0.0
urgente24.com,0.0
thehill.com,0.0
thegreatclimatecon.com,0.0
thegrayzone.com,0.0
stopworldcontrol.com,0.0
stopvacunas.wordpress.com,0.0
stopcensura.online,0.0
stop5g.cz,0.0
sorianoticias.com,0.0
somosbacteriasyvirus.com,0.0
somatemps.me,0.0
solidaridad.net,0.0
strathprints.strath.ac.uk,0.0
solarischem.com,0.0
sociable.co,0.0
sobor.com.ua,0.0
soberaniaysalud.com,0.0
smoda.elpais.com,0.0
smart-lighting.es,0.0
sites.google.com,0.0
sisanjuan.gob.ar,0.0
sipse.com,0.0
sociedad.e-noticies.es,0.0
streamable.com,0.0
streamyard.com,0.0
subversivo7.tv,0.0
thegoldobserver.substack.com,0.0
thefreedomarticles.com,0.0
thecovidblog.com,0.0
theconversation.com,0.0
testcoches.es,0.0
terrabrasilnoticias.com,0.0
tendencias21.levante-emv.com,0.0
telegram.org,0.0
telegra.ph,0.0
tecnologia.net,0.0
techcrunch.com,0.0
teatrotribuene.com,0.0
tass.com,0.0
t.co,0.0
swentr.site,0.0
suscripciones.zinetmedia.es,0.0
superocho.org,0.0
superbiajuridico.es,0.0
sucesos.tv,0.0
palexander.substack.com,0.0
palermo.gds.it,0.0
zoom.us,0.0
p.dw.com,0.0
medicalcrisisdeclaration.com,0.0
medalerts.org,0.0
meaww.com,0.0
mattinopadova.gelocal.it,0.0
masmadrid.org,0.0
maslibertad.com.co,0.0
martinsanchez.live,0.0
marina360.cat,0.0
map.geoengineeringmonitor.org,0.0
manchamedia.com,0.0
maldita.es,0.0
mailchi.mp,0.0
mag.elcomercio.pe,0.0
madridmarket.es,0.0
m.youtube.com,0.0
medicalcrisisdeclaration.com.,0.0
medicinainterna.org.mx,0.0
pabloocheragayet.com,0.0
medirradiaciones.blogspot.com,0.0
mpr21.info,0.0
movimiento-asistencia-integral.com,0.0
monumental.com.py,0.0
monarquia.elconfidencialdigital.com,0.0
momo.isciii.es,0.0
mol.im,0.0
mishijosmidecision.org,0.0
m.twitch.tv,0.0
mindgate.it,0.0
metro.co.uk,0.0
metatron.substack.com,0.0
messi.com,0.0
mercacelta.com,0.0
meganoticiasmendoza.ar,0.0
medlineplus.gov,0.0
medium.com,0.0
miguelrix.com,0.0
m.n.com.do,0.0
m.manchainformacion.com,0.0
m.kla.tv,0.0
liberumasociacion.org,0.0
libertadglobalysoberania.blogspot.com,0.0
legalteam.es,0.0
lecourrier-du-soir.com,0.0
laverdadofende.blog,0.0
latribunadelpaisvasco.com,0.0
latribunacr.com,0.0
librodelaverdad.com,0.0
larepublica.pe,0.0
laquintacolumna.tv,0.0
laopinion.com,0.0
lanetaneta.com,0.0
lamusaencantada.blogspot.com,0.0
lamenteesmaravillosa.com,0.0
lamatrixholografica.wordpress.com,0.0
lakaruppropet.se,0.0
laradiodetotoral.com.ar,0.0
msiainforma.org,0.0
link.springer.com,0.0
linktr.ee,0.0
m.focus.de,0.0
m.facebook.com,0.0
m.economictimes.com,0.0
m.dw.com,0.0
m.delfi.lt,0.0
m.bild.de,0.0
lumedantioquia.blogspot.com,0.0
link.theepochtimes.com,0.0
lourdesrelloso.tv,0.0
loquesomos.org,0.0
llacunatsdinamics.com,0.0
liverdad.org,0.0
live.childrenshealthdefense.org,0.0
liturgiadelashoras.github.io,0.0
listindiario.com,0.0
lionessofjudah.substack.com,0.0
loradelrio.net,0.0
mundopenal.es,0.0
medicoepaziente.it,0.0
open.spotify.com,0.0
nworeport.me,0.0
oh17.com,0.0
oglobo.globo.com,0.0
nodulo.org,0.0
nuevarevolucion.es,0.0
no-consiento.org,0.0
odysee.com,0.0
news.am,0.0
news.eseuro.com,0.0
nuevaya.com.ni,0.0
no-consiento.es,0.0
nisir.wordpress.com,0.0
nexalud.com,0.0
nurparatodos.com.ar,0.0
news.yahoo.com,0.0
nutripeople.org,0.0
newsinfrance.com,0.0
novedad-news.info,0.0
nwcl.ku.edu.tr,0.0
nomecreocasinada.over-blog.com,0.0
mundoquenosocultan.blogspot.com,0.0
newsvoice.se,0.0
noqreport.com,0.0
mxlv.es,0.0
nanografi.com,0.0
openvaers.com,0.0
ntvespana.com,0.0
opg.optica.org,0.0
nationalpost.com,0.0
noticiasdelaciencia.com,0.0
nuevaisla.com,0.0
noticiasholisticas.com.ar,0.0
norberthaering.de,0.0
orgonitasonline.com,0.0
navarra.elespanol.com,0.0
noticiasncc.com,0.0
noticiaspiura30.pe,0.0
nptmedia.tv,0.0
murciaplaza.com,0.0
www.elpais.com.uy,1.0
tierrapura.org,2.0
www.pagina12.com.ar,4.0
finance.yahoo.com,6.0
www.lavozdegalicia.es,8.0
www.univision.com,10.0
youtu.be,10.0
realrawnews.com,11.0
www.bhf.org.uk,14.0
as.com,15.0
www.agenciasinc.es,15.0
www.realnotrare.com,17.0
www.theflstandard.com,17.0
es.euronews.com,18.0
www.spectator.co.uk,19.0
fb.com,20.0
goo.gl,22.0
fragment.com,26.0
www.berliner-zeitung.de,32.0
allhiphop.com,33.0
www.heraldo.es,36.0
www.businessinsider.com,47.0
www.disclose.tv,51.0
www.lavanguardia.com,54.0
www.abc.com.py,57.0
www.euractiv.com,58.0
sevilla.abc.es,58.0
www.nature.com,60.0
www.washingtonexaminer.com,61.0
www.vice.com,72.0
www.npr.org,91.0
www.lamoncloa.gob.es,91.0
7nn.tv,95.0
radiomitre.cienradios.com,96.0
www.ultimahora.es,96.0
www.periodistadigital.com,104.0
people.com,127.0
www.eleconomista.es,130.0
www.subrayado.com.uy,138.0
euroweeklynews.com,143.0
www.eviemagazine.com,145.0
www.westernjournal.com,147.0
www.liberoquotidiano.it,156.0
www.edatv.news,166.0
cnnespanol.cnn.com,172.0
www.dw.com,178.0
www.independent.co.uk,190.0
newspunch.com,224.0
www.infosalus.com,241.0
brownstone.org,274.0
m.jpost.com,278.0
tv.libertaddigital.com,325.0
www.fox10phoenix.com,342.0
www.eltiempo.com,359.0
www.redaccionmedica.com,366.0
www.elpozoextratiernos.com,390.0
www.rt.com,408.0
www.rtve.es,462.0
thefederalist.com,463.0
www.marca.com,463.0
www.zdf.de,488.0
www.vozpopuli.com,531.0
www.murcia.es,534.0
revistas.eleconomista.es,549.0
www.gov.uk,605.0
www.lefigaro.fr,607.0
www.elperiodico.com,637.0
www.economist.com,657.0
actualidad.rt.com,669.0
www.lasrepublicas.com,683.0
www.larazon.es,818.0
www.icog.es,874.0
expose-news.com,908.0
www.americanlibertyreportnews.com,912.0
www.mundodeportivo.com,929.0
neal.fun,944.0
news.sky.com,965.0
u.today,982.0
www.xataka.com,1041.0
afdbundestag.de,1062.0
cadenaser.com,1118.0
www.bbc.com,1141.0
www.europarl.europa.eu,1154.0
www.publico.es,1160.0
www.eitb.eus,1322.0
www.fpcs.es,1398.0
www.justice.gov,1426.0
www.20minutos.es,1454.0
www.cnbc.com,1496.0
www.theatlantic.com,1544.0
exxpress.at,1659.0
diario16.com,1700.0
www.wnep.com,1824.0
www.libremercado.com,2081.0
panampost.com,2167.0
summit.news,2408.0
www.francesoir.fr,2473.0
www.whitehouse.gov,2609.0
www.thegatewaypundit.com,2693.0
www.infobae.com,2881.0
www.europapress.es,3332.0
www.eldiasegovia.es,3740.0
www.oe24.at,4077.0
elpais.com,4724.0
beckernews.com,4871.0
www.archives.gov,5038.0
stevekirsch.substack.com,5184.0
okdiario.com,6079.0
www.abc.es,6289.0
www.libertaddigital.com,6458.0
retractionwatch.com,8898.0
www.dailymail.co.uk,10108.0
www.ncbi.nlm.nih.gov,10424.0
www.telegraph.co.uk,10998.0
theobjective.com,11195.0
thecountersignal.com,12054.0
childrenshealthdefense.org,12386.0
jme.bmj.com,20532.0
www.nytimes.com,21785.0
gaceta.es,28443.0
www.foxnews.com,38818.0
www.reuters.com,56013.0
www.ft.com,59386.0
www.elmundo.es,60780.0
dailysceptic.org,90599.0
www.washingtonpost.com,122568.0
nypost.com,229997.0
rumble.com,385037.0
www.facebook.com,777884.0
