url,ocurrences
www.rtve.es,10
www.elconfidencial.com,10
go.ivoox.com,10
www.aciprensa.com,10
www.eltestigofiel.org,10
www.vozpopuli.com,11
www.infobae.com,11
elpacifico.webador.es,11
es-mb.theepochtimes.com,12
okdiario.com,13
theobjective.com,14
elpais.com,16
www.eldiario.es,17
www.eldebate.com,18
www.abc.es,18
www.larazon.es,21
impactoespananoticias.com,22
diario16.com,23
canal5radio.tv,24
comoqueporque.es,24
cienciaysaludnatural.com,32
periodistasporlaverdad.com,36
www.canal5tv.es,45
odysee.com,47
www.youtube.com,58
nurparatodos.com.ar,66
go.hotmart.com,123
tierrapura.org,158
youtu.be,160
www.eldiestro.es,214
trikooba.org,258
invierte.biz,270
ejercitoremanente.com,270
eldiestro.tv,355
others,372
